IFUT (ОКЭД);Отрасль (вид деятельности);Категория риска;КСТ
01619;Предоставление прочих услуг в области сельского хозяйства;1;0,571
18200;Отображение записей на информационных носителях;1;0,571
41100;Разработка строительных проектов;1;0,571
46110;Деятельность агентов по оптовой торговле сельскохозяйственным сырьём, живыми животными, текстильным сырьём и полуфабрикатами;1;0,571
46120;Деятельность агентов по оптовой торговле топливом, рудами, металлами и химическими веществами;1;0,571
46130;Деятельность агентов по оптовой торговле древесиной и строительными материалами;1;0,571
46140;Деятельность агентов по оптовой торговле машинами, оборудованием, промышленным оборудованием, водными и воздушными судами;1;0,571
46150;Деятельность агентов по оптовой торговле мебелью, товарами для дома, скобяными изделиями и прочими металлическими изделиями;1;0,571
46160;Деятельность агентов по оптовой торговле текстильными изделиями, одеждой, обувью, меховыми и кожаными изделиями;1;0,571
46170;Деятельность агентов по оптовой торговле продуктами питания, включая напитки и табачные изделия;1;0,571
46180;Деятельность агентов, специализирующихся на оптовой торговле отдельными видами или группами товаров, не включённых в другие категории;1;0,571
46190;Деятельность агентов по оптовой торговле широким ассортиментом товаров;1;0,571
59000;Производство кино- и видеофильмов, телевизионных программ, фонограмм и музыкальных записей;1;0,571
59100;Производство кино- и видеофильмов и телевизионных программ;1;0,571
59110;Производство кино- и видеофильмов и телевизионных программ;1;0,571
59120;Послепроизводственный этап кино-, видеофильмов и телевизионных программ;1;0,571
59130;Распространение кинофильмов, видео- и телевизионных программ;1;0,571
59140;Демонстрация кинофильмов;1;0,571
59200;Деятельность по изданию фонограмм и музыкальных записей;1;0,571
60000;Деятельность по созданию программ, телевещанию и радиовещанию;1;0,571
60100;Радиовещание;1;0,571
60200;Деятельность по созданию и демонстрации телевизионных программ;1;0,571
61000;Связь;1;0,571
61100;Предоставление услуг проводной связи;1;0,571
61200;Предоставление услуг беспроводной связи;1;0,571
61300;Предоставление услуг спутниковой связи;1;0,571
61900;Предоставление прочих телекоммуникационных услуг;1;0,571
62000;Компьютерное программирование, консультации и другие вспомогательные услуги;1;0,571
62010;Деятельность в области компьютерного программирования;1;0,571
62020;Консультационные услуги в области компьютерных технологий;1;0,571
62030;Деятельность по управлению компьютерным оборудованием;1;0,571
62090;Другие виды деятельности в сфере информационных технологий и компьютерных систем;1;0,571
63000;Деятельность в области предоставления информационных услуг;1;0,571
63100;Услуги по размещению и обработке данных, веб-порталы;1;0,571
63110;Услуги по размещению и обработке данных;1;0,571
63120;Веб-порталы;1;0,571
63900;Другие виды информационных услуг;1;0,571
63910;Деятельность информационных агентств;1;0,571
63990;Прочая деятельность по предоставлению информационных услуг, не включённая в другие категории;1;0,571
64000;Финансовые услуги, кроме услуг по страхованию и пенсионному обеспечению;1;0,571
64100;Денежно-кредитное посредничество;1;0,571
64110;Деятельность Центрального банка;1;0,571
64190;Прочие виды денежно-кредитного посредничества;1;0,571
64200;Деятельность холдинговых компаний;1;0,571
64300;Тресты, фонды и аналогичные финансовые организации;1;0,571
64900;Прочие виды финансовых услуг, за исключением услуг по страхованию и пенсионному обеспечению;1;0,571
64910;Финансовый лизинг;1;0,571
64920;Прочие виды кредитования;1;0,571
64990;Прочие виды финансовых услуг, за исключением услуг по страхованию и пенсионному обеспечению, не включённые в другие категории;1;0,571
65000;Деятельность по страхованию, перестрахованию и негосударственных пенсионных фондов, кроме обязательного социального страхования;1;0,571
65100;Страхование;1;0,571
65110;Страхование жизни;1;0,571
65120;Страхование, кроме страхования жизни;1;0,571
65200;Перестрахование;1;0,571
65300;Деятельность пенсионных фондов;1;0,571
66000;Вспомогательная деятельность по предоставлению финансовых услуг и страхованию;1;0,571
66100;Вспомогательная деятельность по предоставлению финансовых услуг, кроме страхования и пенсионного обеспечения;1;0,571
66110;Управление финансовыми рынками;1;0,571
66120;Брокерские услуги по ценным бумагам и товарным контрактам;1;0,571
66190;Прочая вспомогательная деятельность по предоставлению финансовых услуг, кроме страхования и пенсионного обеспечения;1;0,571
66200;Вспомогательная деятельность в области страхования и пенсионного обеспечения;1;0,571
66210;Деятельность по оценке страхового риска и ущерба;1;0,571
66220;Деятельность страховых агентов и брокеров;1;0,571
66290;Прочая вспомогательная деятельность в области страхования и пенсионного обеспечения;1;0,571
66300;Управление фондами;1;0,571
68000;Операции с недвижимым имуществом;1;0,571
68100;Купля-продажа собственного недвижимого имущества;1;0,571
68200;Сдача в аренду и управление собственным или арендованным недвижимым имуществом;1;0,571
68201;Сдача в аренду и управление помещениями для организации торговли;1;0,571
68202;дача в аренду и управление нежилыми помещениями;1;0,571
68203;Сдача в аренду и управление многоквартирными домами и жилыми помещениями;1;0,571
68204;Сдача в аренду и управление землями;1;0,571
68300;Операции с недвижимым имуществом за вознаграждение или на основании договора;1;0,571
68310;Деятельность агентств по операциям с недвижимым имуществом;1;0,571
68320;Управление недвижимым имуществом за вознаграждение или на основании договора;1;0,571
68321;Управление недвижимым имуществом, предназначенным или не предназначенным для производственных целей, непригодным для проживания;1;0,571
68329;Услуги по управлению недвижимым имуществом, не включённым в другие категории;1;0,571
69000;Деятельность в сфере права и бухгалтерского учёта;1;0,571
69100;Юридические услуги;1;0,571
69101;Деятельность адвокатской организации;1;0,571
69102;Деятельность нотариусов;1;0,571
69109;Другие юридические услуги;1;0,571
69200;"Деятельность в области бухгалтерского учета и аудита; консультации по налогообложению";1;0,571
69201;Деятельность в области бухгалтерского учета;1;0,571
69202;Аудиторская деятельность;1;0,571
69203;Услуги консультантов по вопросам налогообложения;1;0,571
70000;"Деятельность головных компаний; консультации по вопросам управления";1;0,571
70100;Деятельность головных компаний;1;0,571
70200;Консультации по вопросам управления;1;0,571
70210;Деятельность в области общественных связей и коммуникаций;1;0,571
70220;Консультирование по вопросам коммерческой деятельности и управления;1;0,571
71000;Деятельность в области архитектурных и инженерных исследований, технических испытаний и анализа;1;0,571
71100;Деятельность в области архитектурных и инженерных исследований и предоставление технических консультаций в этих областях;1;0,571
71110;Деятельность в области архитектуры;1;0,571
71120;Деятельность в области архитектурных исследований и предоставление технических консультаций в этом области;1;0,571
71200;технические испытания и анализы;1;0,571
72000;научные исследования и разработки;1;0,571
72100;Научные исследования и экспериментальные разработки в области естественных наук и инженерии;1;0,571
72110;Научные исследования и экспериментальные разработки в области биотехнологий;1;0,571
72190;Другие исследования и разработки в области естественных наук и инженерии;1;0,571
72200;Исследования и экспериментальные разработки в области социальных и гуманитарных наук;1;0,571
73000;Рекламная деятельность и исследование рыночной конъюнктуры;1;0,571
73100;Рекламная деятельность;1;0,571
73110;Рекламные агентства;1;0,571
73120;Размещение рекламы в средствах массовой информации;1;0,571
74000;Прочая профессиональная, научная и техническая деятельность;1;0,571
74100;Специализированная дизайнерская деятельность;1;0,571
74300;Письменный и устный перевод;1;0,571
74900;Профессиональная, научная и техническая деятельность, не включённая в другие категории;1;0,571
77000;Профессиональная, научная и техническая деятельность, не включённая в другие категории;1;0,571
77100;Аренда и лизинг моторных транспортных средств;1;0,571
77110;Аренда и лизинг легковых автомобилей и легких моторных транспортных средств;1;0,571
77120;Аренда и лизинг грузовых транспортных средств;1;0,571
77130;Краткосрочная аренда автомобилей и автотранспортных средств сроком до 30 дней;1;0,571
77200;Аренда и лизинг личных вещей и бытовых товаров;1;0,571
77210;Аренда и лизинг оборудования для отдыха и спорта;1;0,571
77220;Аренда видеозаписей и дисков;1;0,571
77290;Аренда и лизинг прочих личных вещей и бытовых товаров;1;0,571
77300;Аренда и лизинг прочих машин, оборудования и материальных средств;1;0,571
77310;Аренда и лизинг сельскохозяйственной техники и оборудования;1;0,571
77320;Аренда и лизинг строительной техники и оборудования для строительства гражданских объектов;1;0,571
77330;Аренда и лизинг офисной техники и оборудования, включая вычислительную технику;1;0,571
77340;Аренда и лизинг водного транспортного средства и оборудования;1;0,571
77350;Аренда и лизинг воздушного транспортного средства и оборудования;1;0,571
77390;Аренда и лизинг машин, оборудования и материальных средств, не включенных в другие категории;1;0,571
77400;Аренда и лизинг интеллектуальной собственности и подобных продуктов, за исключением произведений, защищенных авторским правом;1;0,571
78000;Трудоустройство;1;0,571
78100;Деятельность агентств по трудоустройству;1;0,571
78200;Деятельность агентств по временной занятости;1;0,571
78300;Деятельность прочих организаций, занимающихся работой с персоналом;1;0,571
84000;"Государственное управление и оборона; обязательное социальное обеспечение";1;0,571
84100;"Общее государственное управление; социально-экономическое управление";1;0,571
84110;Общее государственное управление;1;0,571
84111;Деятельность органов государственной власти и управления республиканского уровня;1;0,571
84112;Деятельность территориальных органов государственной власти и управления;1;0,571
84113;Деятельность органов местного самоуправления;1;0,571
84119;Управление государственными службами, не включенными в другие категории;1;0,571
84120;Управление учреждениями, предоставляющими медицинские и культурные услуги, а также прочие социальные услуги, кроме социального обеспечения;1;0,571
84130;Содействие и управление эффективной экономической деятельностью;1;0,571
84200;Оказание услуг обществу государством;1;0,571
84210;Международная деятельность;1;0,571
84220;Оборонная деятельность;1;0,571
84230;Деятельность в области юстиции и суд;1;0,571
84240;Деятельность по обеспечению общественного порядка и безопасности;1;0,571
84300;Деятельность в сфере обязательного социального обеспечения;1;0,571
85000;Образование;1;0,571
85100;Дошкольное образование;1;0,571
85200;Дошкольное образование;1;0,571
85300;Среднее образование;1;0,571
85310;Общее среднее образование;1;0,571
85320;Техническое и профессиональное среднее образование;1;0,571
85400;Высшее образование;1;0,571
85410;Послесреднее образование;1;0,571
85420;Высшее образование;1;0,571
85500;Другие виды образования;1;0,571
85510;Образование в области спорта, включая обучение для досуга;1;0,571
85520;Образование в сфере культуры;1;0,571
85530;Деятельность школ подготовки водителей транспортных средств;1;0,571
85590;Другие виды образования, не включённые в другие категории;1;0,571
85600;Вспомогательная деятельность в сфере образования;1;0,571
86000;Вспомогательная деятельность в сфере образования;1;0,571
86100;Деятельность больничных учреждений;1;0,571
86200;Деятельность в области общей медицинской практики и стоматологии;1;0,571
86210;Деятельность в области общей медицинской практики;1;0,571
86220;Деятельность в области специализированной медицинской практики;1;0,571
86230;Деятельность в области стоматологии;1;0,571
86900;Прочая деятельность в сфере здравоохранения;1;0,571
87000;Уход с предоставлением жилья;1;0,571
87100;Медицинское обслуживание с предоставлением жилья;1;0,571
87200;Деятельность, связанная с проживанием лиц с умственными и физическими недостатками, психическими и наркологическими заболеваниями;1;0,571
87300;Уход за пожилыми и инвалидами с предоставлением жилья;1;0,571
87900;Другие виды ухода с предоставлением жилья;1;0,571
88000;Социальные услуги без предоставления жилья;1;0,571
88100;Социальные услуги для пожилых и инвалидов без предоставления жилья;1;0,571
88900;Другие социальные услуги без предоставления жилья;1;0,571
88910;Дневной уход за детьми;1;0,571
88990;Прочие социальные услуги без предоставления жилья, не включённые в другие категории;1;0,571
90000;Деятельность в сфере творчества, искусства и развлечений;1;0,571
90010;Деятельность театров;1;0,571
90020;Техническая поддержка постановок;1;0,571
90030;Деятельность в области искусства;1;0,571
90040;Деятельность театров и концертных залов;1;0,571
91000;Библиотеки, архивы, музеи и другие учреждения культуры;1;0,571
91010;Деятельность библиотек и архивов;1;0,571
91020;Деятельность музеев;1;0,571
91030;Деятельность по сохранению исторических мест и зданий, культурных памятников;1;0,571
91040;Деятельность ботанических садов, зоопарков и заповедников;1;0,571
93000;Деятельность в области спорта, отдыха и организации развлечений;1;0,571
93100;Спортивная деятельность;1;0,571
93110;Деятельность спортивных объектов;1;0,571
93120;Деятельность спортивных клубов;1;0,571
93130;Деятельность фитнес-клубов;1;0,571
93190;Прочая спортивная деятельность;1;0,571
93200;Деятельность по организации отдыха и развлечений;1;0,571
93210;Деятельность парков отдыха и тематических парков;1;0,571
93290;Прочая деятельность по организации отдыха и развлечений;1;0,571
94000;Деятельность членских организаций;1;0,571
94100;Деятельность коммерческих, предпринимательских и профессиональных членских организаций;1;0,571
94110;Деятельность членских организаций в сфере коммерции и предпринимательства;1;0,571
94120;Деятельность профессиональных членских организаций;1;0,571
94200;Деятельность профсоюзов;1;0,571
94900;Деятельность других профессиональных членских организаций;1;0,571
94910;Деятельность религиозных организаций;1;0,571
94920;Деятельность политических организаций;1;0,571
94990;Деятельность членских организаций, не включённых в другие категории;1;0,571
97000;Деятельность домашних хозяйств, нанимающих домашнюю прислугу;1;0,571
98000;Производство товаров и услуг для собственного потребления домашними хозяйствами;1;0,571
98100;Производство товаров для собственного потребления домашними хозяйствами;1;0,571
98200;Производство услуг для собственного потребления домашними хозяйствами;1;0,571
99000;Деятельность экстерриториальных организаций;1;0,571
35130;Распределение электроэнергии;2;0,857
35140;Продажа электроэнергии;2;0,857
53000;Деятельность почтовой и курьерской связи;2;0,857
53100;Почтовая связь на основе обязательств универсального обслуживания;2;0,857
53200;Прочая деятельность почтовой и курьерской связи;2;0,857
55300;Деятельность туристических баз, зон отдыха и парков развлечений;2;0,857
73200;Исследование конъюнктуры рынка и изучение общественного мнения;2;0,857
74200;Исследование конъюнктуры рынка и изучение общественного мнения;2;0,857
79000;Деятельность туроператоров, турагентств и прочих организаций в сфере туризма;2;0,857
79100;Деятельность туристических агентств и туроператоров;2;0,857
79110;Деятельность туристических агентств;2;0,857
79120;Деятельность туроператоров;2;0,857
79900;Прочие услуги по бронированию и сопутствующие услуги;2;0,857
81000;Прочие услуги по бронированию и сопутствующие услуги;2;0,857
81100;Комплексное обслуживание объектов;2;0,857
81200;Деятельность по уборке;2;0,857
81210;Общая уборка зданий;2;0,857
81220;Прочая деятельность по уборке зданий и промышленных объектов;2;0,857
81290;Прочие виды услуг по уборке;2;0,857
81300;"Деятельность по благоустройству; проектирование ландшафта";2;0,857
82000;Деятельность в области административного, хозяйственного и прочего вспомогательного обслуживания;2;0,857
82100;Деятельность в области административного и вспомогательного обслуживания;2;0,857
82110;Комплексное предоставление административно-управленческих услуг;2;0,857
82190;Копирование документов, подготовка документов и прочие специализированные офисные услуги;2;0,857
82200;Деятельность справочных и информационных служб;2;0,857
82300;Организация конференций и торгово-промышленных выставок;2;0,857
82900;Прочая вспомогательная деятельность в сфере хозяйственной деятельности, не включённая в другие категории;2;0,857
82910;Деятельность агентств по сбору платежей и кредитных бюро;2;0,857
82920;Деятельность по упаковке;2;0,857
82990;Прочие виды вспомогательной деятельности в сфере хозяйственной деятельности, не включённые в другие категории;2;0,857
92000;Услуги по организации азартных игр и заключению пари;2;0,857
96020;Услуги парикмахерских и салонов красоты;2;0,857
96030;Организация похорон и сопутствующая деятельность;2;0,857
96040;Деятельность по обеспечению физического комфорта;2;0,857
96090;Прочие персональные услуги, не включённые в другие категории;2;0,857
11050;Производство пиво;3;1,143
11060;Производство солода (пророщенная и дроблёная пшеница, ячмень и др.);3;1,143
32910;Производство метёлок и щёток;3;1,143
45000;Оптовая и розничная торговля автомобилями и мотоциклами и их ремонт;3;1,143
45100;Торговля автотранспортными средствами;3;1,143
45110;Торговля автомобилями и легковыми автотранспортными средствами;3;1,143
45111;Оптовая торговля автомобилями и легковыми автотранспортными средствами;3;1,143
45112;Розничная торговля автомобилями и легковыми автотранспортными средствами;3;1,143
45190;Торговля прочими автотранспортными средствами;3;1,143
45191;Оптовая торговля прочими автотранспортными средствами;3;1,143
45192;Розничная торговля прочими автотранспортными средствами;3;1,143
45300;Торговля автозапчастями, узлами и принадлежностями;3;1,143
45310;Оптовая торговля автозапчастями, узлами и принадлежностями;3;1,143
45320;Розничная торговля автозапчастями, узлами и принадлежностями;3;1,143
45400;"Торговля мотоциклами, их деталями, узлами и принадлежностями; техническое обслуживание и ремонт мотоциклов";3;1,143
45401;Оптовая торговля мотоциклами, их деталями, узлами и принадлежностями;3;1,143
45402;Розничная торговля автозапчастями, узлами и принадлежностями;3;1,143
46000;"Торговля мотоциклами, их деталями, узлами и принадлежностями; техническое обслуживание и ремонт мотоциклов";3;1,143
46100;Оптовая торговля мотоциклами, их деталями, узлами и принадлежностями;3;1,143
47000;Розничная торговля, кроме торговли автомобилями и мотоциклами;3;1,143
47100;Розничная торговля в неспециализированных магазинах;3;1,143
47110;Розничная торговля в неспециализированных магазинах преимущественно продуктами питания, включая напитки и табачные изделия;3;1,143
47190;Розничная торговля в неспециализированных магазинах прочими товарами;3;1,143
47200;Розничная торговля в специализированных магазинах преимущественно продуктами питания, включая напитки и табачные изделия;3;1,143
47210;Розничная торговля фруктами и овощами в специализированных магазинах;3;1,143
47220;Розничная торговля мясом и мясными продуктами в специализированных магазинах;3;1,143
47230;Розничная торговля рыбой, ракообразными и моллюсками в специализированных магазинах;3;1,143
47240;Розничная торговля хлебобулочными изделиями, мучными и кондитерскими изделиями в специализированных магазинах;3;1,143
47250;Розничная торговля напитками в специализированных магазинах;3;1,143
47251;Розничная торговля алкогольными напитками;3;1,143
47252;Розничная торговля безалкогольными напитками и пивом;3;1,143
47260;Розничная торговля табачными изделиями в специализированных магазинах;3;1,143
47290;Розничная торговля прочими продуктами питания в специализированных магазинах;3;1,143
47300;Розничная торговля моторным топливом в специализированных магазинах;3;1,143
47400;Розничная торговля информационным и телекоммуникационным оборудованием в специализированных магазинах;3;1,143
47410;Розничная торговля компьютерами, периферийным оборудованием и программным обеспечением в специализированных магазинах;3;1,143
47420;Розничная торговля телекоммуникационным оборудованием в специализированных магазинах;3;1,143
47430;Розничная торговля аудио- и видеотехникой в специализированных магазинах;3;1,143
47500;Розничная торговля прочим оборудованием для дома в специализированных магазинах;3;1,143
47510;Розничная торговля текстильными изделиями в специализированных магазинах;3;1,143
47520;Розничная торговля в специализированных магазинах скобяными изделиями, лакокрасочными материалами и стеклом;3;1,143
47530;Розничная торговля в специализированных магазинах коврами, настенными и напольными покрытиями;3;1,143
47531;Розничная торговля коврами и ковровыми изделиями в специализированных магазинах;3;1,143
47539;Розничная торговля прочими настенными и напольными покрытиями в специализированных магазинах;3;1,143
47540;Розничная торговля бытовыми электротоварами в специализированных магазинах;3;1,143
47590;Розничная торговля мебелью, осветительным оборудованием и прочими бытовыми предметами в специализированных магазинах;3;1,143
47591;Розничная торговля мебелью в специализированных магазинах;3;1,143
47599;Розничная торговля осветительным оборудованием и прочими бытовыми предметами в специализированных магазинах;3;1,143
47600;Розничная торговля товарами для культурного отдыха, спорта и досуга в специализированных магазинах;3;1,143
47610;Розничная торговля книгами в специализированных магазинах;3;1,143
47620;Розничная торговля газетами, журналами и канцелярскими товарами в специализированных магазинах;3;1,143
47630;Розничная торговля видео- и аудиозаписями в специализированных магазинах;3;1,143
47640;Розничная торговля спортивными товарами в специализированных магазинах;3;1,143
47650;Розничная торговля играми и игрушками в специализированных магазинах;3;1,143
47700;Розничная торговля прочими товарами в специализированных магазинах;3;1,143
47710;Розничная торговля одеждой в специализированных магазинах;3;1,143
47711;Розничная торговля трикотажными и чулочно-носочными изделиями в специализированных магазинах;3;1,143
47712;Розничная торговля одеждой (кроме трикотажных и чулочно-носочных изделий) в специализированных магазинах;3;1,143
47720;Розничная торговля обувью и кожаными изделиями в специализированных магазинах;3;1,143
47721;Розничная торговля обувью в специализированных магазинах;3;1,143
47722;Розничная торговля кожаными изделиями в специализированных магазинах;3;1,143
47730;Розничная торговля фармацевтическими товарами в специализированных магазинах;3;1,143
47740;Розничная торговля медицинскими и ортопедическими товарами в специализированных магазинах;3;1,143
47750;Розничная торговля косметическими товарами и предметами личной гигиены в специализированных магазинах;3;1,143
47760;Розничная торговля цветами и другими растениями, семенами, удобрениями, домашними животными и кормами для них в специализированных магазинах;3;1,143
47770;Розничная торговля часами и ювелирными изделиями в специализированных магазинах;3;1,143
47780;Розничная торговля прочими новыми товарами в специализированных магазинах;3;1,143
47790;Розничная торговля бывшими в употреблении товарами;3;1,143
47800;Розничная торговля через палатки и рынки;3;1,143
47810;Розничная торговля продуктами питания, напитками и табачными изделиями на палатках и рынках;3;1,143
47820;Розничная торговля текстильными изделиями, одеждой и обувью на палатках и рынках;3;1,143
47890;Розничная торговля прочими товарами на палатках и рынках;3;1,143
47900;Розничная торговля вне магазинов, палаток и рынков;3;1,143
47910;Розничная торговля по почте и через Интернет;3;1,143
47990;Прочая розничная торговля вне магазинов, палаток и рынков;3;1,143
55000;Услуги в сфере проживания;3;1,143
55100;Услуги гостиниц и аналогичных средств размещения;3;1,143
55200;Предоставление жилья на выходные и краткосрочное проживание;3;1,143
55900;Прочие услуги по предоставлению жилья;3;1,143
56000;Услуги по доставке продуктов питания и напитков;3;1,143
56100;Услуги ресторанов и доставка продуктов питания;3;1,143
56200;Прочие услуги по доставке готовой пищи и продуктов питания по заказу;3;1,143
56210;Доставка готовой пищи по заказу;3;1,143
56290;Прочие виды организации питания;3;1,143
56300;Доставка напитков;3;1,143
80000;Деятельность по обеспечению безопасности и проведению расследований;3;1,143
80100;Деятельность служб частной охраны;3;1,143
80200;Деятельность в сфере охранных систем;3;1,143
80300;Проведение расследований;3;1,143
12000;Производство табачных изделий;4;1,429
18000;Издательская и полиграфическая деятельность;4;1,429
18100;Полиграфическая деятельность и сопутствующие услуги;4;1,429
18110;Издание газет;4;1,429
18120;Прочие виды полиграфической деятельности;4;1,429
18130;Подготовка печатных форм и информационная деятельность;4;1,429
18140;Переплётно-брошюровочные и отделочные работы и сопутствующие услуги;4;1,429
20400;Производство мыла, моющих средств, чистящих и полировальных препаратов, парфюмерии и косметики;4;1,429
20410;Производство мыла, моющих, чистящих и полировальных средств;4;1,429
20420;Производство парфюмерии и косметических средств;4;1,429
20530;Производство эфирных масел;4;1,429
23420;Производство санитарно-гигиенических изделий из керамики;4;1,429
23440;Производство прочих технических керамических изделий;4;1,429
26520;Производство часов;4;1,429
32000;Производство прочих готовых изделий;4;1,429
32100;Производство ювелирных изделий, бижутерии и аналогичных изделий;4;1,429
32110;Чеканка монет;4;1,429
32120;Производство ювелирных и аналогичных изделий;4;1,429
32130;Производство бижутерии и аналогичных изделий;4;1,429
32900;Производство прочих готовых изделий, не включённых в другие категории;4;1,429
36000;Сбор, обработка и распределение воды;4;1,429
37000;Канализационные системы;4;1,429
38110;Сбор неопасных отходов;4;1,429
39000;Прочие услуги в сфере утилизации и восстановления отходов;4;1,429
45200;Ремонт и техническое обслуживание автотранспортных средств;4;1,429
45201;Техническое обслуживание и ремонт легковых автомобилей;4;1,429
45202;Техническое обслуживание и ремонт прочих автомобилей;4;1,429
45203;Мойка, полировка и аналогичная деятельность в отношении автомобилей;4;1,429
45209;Прочие виды технического обслуживания и ремонта автотранспортных средств, не включённые в другие категории;4;1,429
45403;Техническое обслуживание и ремонт мотоциклов;4;1,429
46200;Оптовая торговля сельскохозяйственным сырьём и живыми животными;4;1,429
46210;Оптовая торговля зерном, необработанным табаком, семенами и кормами для животных;4;1,429
46211;Оптовая торговля зерном, семенами и кормами для животных;4;1,429
46212;Оптовая торговля необработанным табаком;4;1,429
46220;Оптовая торговля цветами и другими растениями;4;1,429
46230;Оптовая торговля живыми животными;4;1,429
46240;Оптовая торговля кожей и кожаными изделиями;4;1,429
46300;Оптовая торговля продуктами питания, включая напитки и табачные изделия;4;1,429
46310;Оптовая торговля фруктами и овощами;4;1,429
46320;Оптовая торговля мясом и мясными продуктами;4;1,429
46330;Оптовая торговля молочными продуктами, яйцами, пищевыми жирами и маслами;4;1,429
46340;Оптовая торговля напитками;4;1,429
46341;Оптовая торговля алкогольными напитками;4;1,429
46342;Оптовая торговля безалкогольными напитками и пивом;4;1,429
46350;Оптовая торговля табачными изделиями;4;1,429
46360;Оптовая торговля сахаром, шоколадом и кондитерскими изделиями;4;1,429
46370;Оптовая торговля кофе, чаем, какао и специями;4;1,429
46380;Оптовая торговля прочими продуктами питания, включая рыбу, ракообразных и моллюсков;4;1,429
46390;Неспециализированная оптовая торговля продуктами питания, напитками и табачными изделиями;4;1,429
46400;Оптовая торговля непродовольственными потребительскими товарами;4;1,429
46410;Оптовая торговля текстильными изделиями;4;1,429
46420;Оптовая торговля одеждой и обувью;4;1,429
46421;Оптовая торговля одеждой;4;1,429
46422;Оптовая торговля обувью;4;1,429
46430;Оптовая торговля бытовыми электротоварами;4;1,429
46431;Оптовая торговля бытовой радио- и телеаппаратурой;4;1,429
46432;Оптовая торговля аудио- и видеокассетами, записанными CD и DVD;4;1,429
46439;Оптовая торговля прочими бытовыми электротоварами;4;1,429
46440;Оптовая торговля фарфором, стеклянной посудой и чистящими средствами;4;1,429
46450;Оптовая торговля парфюмерией и косметикой;4;1,429
46460;Оптовая торговля фармацевтическими товарами;4;1,429
46470;Оптовая торговля мебелью, коврами и осветительными приборами для дома;4;1,429
46471;Оптовая торговля мебелью и коврами для дома;4;1,429
46472;Оптовая торговля осветительными приборами;4;1,429
46480;Оптовая торговля часами и ювелирными изделиями;4;1,429
46490;Оптовая торговля прочими бытовыми товарами;4;1,429
46500;Оптовая торговля информационно-коммуникационным оборудованием;4;1,429
46510;Оптовая торговля компьютерами, периферийными устройствами и программным обеспечением;4;1,429
46520;Оптовая торговля электронным и телекоммуникационным оборудованием и его запасными частями;4;1,429
46600;Оптовая торговля прочим оборудованием, машинами и запасными частями;4;1,429
46610;Оптовая торговля сельскохозяйственной техникой, оборудованием и их запчастями;4;1,429
46620;Оптовая торговля механическими машинами;4;1,429
46630;Оптовая торговля техникой для горнодобывающей и строительной промышленности;4;1,429
46640;Оптовая торговля оборудованием для текстильной, швейной и трикотажной промышленности;4;1,429
46650;Оптовая торговля офисной мебелью;4;1,429
46660;Оптовая торговля прочим офисным оборудованием и техникой;4;1,429
46690;Оптовая торговля прочими машинами и оборудованием;4;1,429
46700;Прочая специализированная оптовая торговля;4;1,429
46710;Оптовая торговля твёрдым, жидким и газообразным топливом и аналогичными продуктами;4;1,429
46720;Оптовая торговля металлами и металлическими рудами;4;1,429
46730;Оптовая торговля древесиной, строительными материалами и санитарно-техническим оборудованием;4;1,429
46740;Оптовая торговля металлическими изделиями, водопроводным и отопительным оборудованием;4;1,429
46750;Оптовая торговля химической продукцией;4;1,429
46760;Оптовая торговля прочей промежуточной продукцией;4;1,429
46770;Оптовая торговля отходами и ломом;4;1,429
46900;Неспециализированная оптовая торговля;4;1,429
49500;Транспортировка грузов по трубопроводам;4;1,429
58000;Издательская деятельность;4;1,429
58100;Издание книг, периодических изданий и прочая издательская деятельность;4;1,429
58110;Издание книг;4;1,429
58120;Издание справочников и каталогов;4;1,429
58130;Издание газет;4;1,429
58140;Издание журналов и периодических изданий;4;1,429
58190;Прочие виды издательской деятельности;4;1,429
58200;Разработка программного обеспечения;4;1,429
58210;Разработка компьютерных игр;4;1,429
58290;Разработка прочего программного обеспечения;4;1,429
68322;Деятельность товариществ собственников жилья;4;1,429
03200;Аквакультура;5;1,714
03210;Морская аквакультура;5;1,714
03220;Пресноводная аквакультура;5;1,714
10720;Производство сухарей и печенья, кондитерских изделий длительного хранения из теста;5;1,714
10820;Производство какао, шоколада и сахаристых кондитерских изделий;5;1,714
11000;Производство напитков;5;1,714
11010;Перегонка, очистка и смешивание алкогольных напитков;5;1,714
11020;Производство вин из винограда;5;1,714
11030;Производство сидра (яблочного вина) и других плодовых вин;5;1,714
11040;Производство прочих не перегнанных ферментированных (броженных) напитков;5;1,714
11070;"Производство безалкогольных напитков; бутилированной минеральной и другой воды";5;1,714
14000;Производство одежды;5;1,714
14100;Производство одежды, кроме меховой;5;1,714
14110;Производство одежды из кожи;5;1,714
14120;Производство корсетов;5;1,714
14130;Производство прочей верхней одежды;5;1,714
14140;Производство нижнего белья;5;1,714
14190;Производство прочей одежды и аксессуаров;5;1,714
26800;Производство магнитных и оптических носителей информации;5;1,714
33179;Ремонт прочего транспорта, не включённого в другие категории;5;1,714
35230;Продажа газообразного топлива по трубопроводам;5;1,714
38200;Обработка и удаление отходов;5;1,714
38210;Обработка и удаление неопасных отходов;5;1,714
38220;Обработка и удаление опасных отходов;5;1,714
84250;Деятельность по обеспечению безопасности в чрезвычайных ситуациях;5;1,714
95000;Ремонт компьютеров, предметов личного пользования и бытовых товаров;5;1,714
95100;Ремонт компьютеров и коммуникационного оборудования;5;1,714
95110;Ремонт компьютеров и периферийного оборудования;5;1,714
95120;Ремонт коммуникационного оборудования;5;1,714
95200;Ремонт предметов личного пользования и бытовых товаров;5;1,714
95210;Ремонт бытовой электроники;5;1,714
95220;Ремонт бытовых товаров, садового и домашнего инвентаря;5;1,714
95230;Ремонт обуви и кожаных изделий;5;1,714
95240;Ремонт мебели и предметов домашнего обихода;5;1,714
95250;Ремонт часов и ювелирных изделий;5;1,714
95290;Ремонт прочих предметов личного пользования и бытовых товаров;5;1,714
96000;Прочие услуги личного характера;5;1,714
96010;Стирка и химическая чистка текстильных и меховых изделий;5;1,714
10400;Производство растительных и животных жиров и масел;6;2,0
10410;Производство растительных и животных жиров и масел;6;2,0
10420;Производство маргарина и прочих пищевых жиров;6;2,0
10500;Производство молочной продукции;6;2,0
10510;Переработка молока и производство сыра;6;2,0
10520;Производство мороженого;6;2,0
10700;Производство хлеба и мучных изделий;6;2,0
10710;Производство хлеба, свежих кондитерских изделий, тортов и пирожных;6;2,0
10730;Производство макаронных и аналогичных мучных изделий;6;2,0
15000;Производство кожи и сопутствующих изделий;6;2,0
15100;"Дубление и обработка кожи; производство чемоданов и аналогичных изделий, сбруи; обработка и окраска меха";6;2,0
15110;"Дубление и обработка кожи; обработка и окраска меха";6;2,0
15120;Производство чемоданов, женских сумок и прочих изделий, кроме кожаных;6;2,0
19000;Производство кокса и продуктов переработки нефти;6;2,0
19100;Производство продуктов коксовых печей;6;2,0
20152;Производство азотных соединений;6;2,0
21000;Производство основных фармацевтических продуктов и препаратов;6;2,0
21100;Производство основных фармацевтических продуктов;6;2,0
21200;Производство фармацевтических препаратов;6;2,0
35112;Производство электроэнергии гидроэлектростанциями;6;2,0
49000;Сухопутный и трубопроводный транспорт;6;2,0
49100;Пассажирские и междугородние железнодорожные перевозки;6;2,0
52000;Складское хозяйство и вспомогательная транспортная деятельность;6;2,0
52100;Хранение и складирование;6;2,0
52240;Обработка грузов;6;2,0
52290;Прочие услуги по сопровождению транспортировки;6;2,0
52291;Организация перевозок железнодорожным, автомобильным, морским или воздушным транспортом;6;2,0
52292;Услуги таможенных агентов;6;2,0
52299;Прочие сопутствующие транспортировке услуги, не включённые в другие категории;6;2,0
75000;Ветеринарная деятельность;6;2,0
14300;Производство тканых и трикотажных изделий;7;2,286
14310;Производство тканых, трикотажных и чулочно-носочных изделий;7;2,286
14390;Производство прочих тканых и трикотажных изделий;7;2,286
23300;Производство строительных материалов из глины;7;2,286
23310;Производство керамических плиток и покрытий;7;2,286
06000;Добыча сырой нефти и природного газа;8;2,571
06100;Добыча сырой нефти;8;2,571
06200;Добыча природного газа;8;2,571
08930;Добыча соли;8;2,571
10830;Производство чая и кофе;8;2,571
10840;Производство пряностей и лекарственных растений;8;2,571
10850;Производство готовых пищевых продуктов;8;2,571
10890;Производство прочих не классифицированных пищевых продуктов;8;2,571
19200;Производство продуктов переработки нефти;8;2,571
20000;Производство химических продуктов;8;2,571
20100;Производство основных химических веществ, удобрений и азотных соединений, пластмасс и синтетического каучука в первичных формах;8;2,571
20110;Производство промышленных газов;8;2,571
20520;Производство клея;8;2,571
22200;Производство изделий из пластмассы;8;2,571
22210;Производство пластмассовых плит, лент, труб и профилей;8;2,571
22220;Производство пластиковых упаковочных изделий;8;2,571
23630;Производство сухих бетонных смесей;8;2,571
23640;Производство радиационного, электромедицинского и электротерапевтического оборудования;8;2,571
26600;Производство сельскохозяйственной и лесозаготовительной техники;8;2,571
28300;Производство машин и оборудования для текстильной, швейной, меховой и кожевенной промышленности;8;2,571
28940;Производство велосипедов и инвалидных колясок/кресел;8;2,571
30920;Обеспечение электроэнергией, газом, паром и кондиционирование воздуха;8;2,571
35000;Производство, передача и распределение электроэнергии;8;2,571
35100;Производство электроэнергии;8;2,571
35110;Производство электроэнергии тепловыми электростанциями;8;2,571
35111;Производство электроэнергии другими электростанциями;8;2,571
35119;Передача электроэнергии;8;2,571
35120;Производство и распределение газообразного топлива;8;2,571
35200;Производство газа;8;2,571
35210;Распределение газообразного топлива через системы газоснабжения;8;2,571
35220;Системы передачи пара и кондиционирования воздуха;8;2,571
35300;Сбор, обработка, уничтожение и утилизация отходов;8;2,571
38000;Сбор отходов;8;2,571
38100;Сбор опасных отходов;8;2,571
38120;Восстановление материалов;8;2,571
38300;Уничтожение обломков;8;2,571
38310;Утилизация сортированных материалов;8;2,571
38320;Сортировка и переработка металлических отходов для получения вторичного сырья;8;2,571
38321;Сортировка и переработка неметаллических отходов для получения вторичного сырья;8;2,571
38322;Отделочные и строительные работы;8;2,571
43300;Штукатурные работы;8;2,571
43310;Покрытие полов и отделка стен;8;2,571
43330;Другие отделочные работы;8;2,571
43390;Производство изделий из пластмассы;8;2,571
10600;Производство мукомольной продукции, крахмала и крахмалистых продуктов;9;2,857
10610;Производство продукции мукомольно-крупяной промышленности;9;2,857
10620;Производство крахмала и крахмалистых продуктов;9;2,857
10800;Производство прочих пищевых продуктов;9;2,857
10810;Производство сахара;9;2,857
10900;Производство готовых кормов для животных;9;2,857
10910;Производство готовых кормов для животных, выращиваемых на фермах;9;2,857
10920;Производство готовых кормов для домашних животных;9;2,857
20120;Производство красок и пигментов;9;2,857
20200;Производство пестицидов и прочих агрохимических веществ;9;2,857
20300;Производство красок, лаков и подобных красильных материалов, типографских красок и мастик;9;2,857
22230;Производство пластиковых изделий для строительства;9;2,857
22290;Производство прочих пластиковых изделий;9;2,857
23000;Производство прочих неметаллических минеральных продуктов;9;2,857
32200;Производство музыкальных инструментов;9;2,857
49200;Железнодорожные грузовые перевозки;9;2,857
50000;Водный транспорт;9;2,857
50100;Морской и прибрежный пассажирский транспорт;9;2,857
50200;Морской и прибрежный грузовой транспорт;9;2,857
50300;Речной пассажирский транспорт;9;2,857
50400;Речной грузовой транспорт;9;2,857
51000;Воздушный транспорт;9;2,857
51100;Воздушные пассажирские перевозки;9;2,857
51200;Воздушные грузовые перевозки и космическая транспортная система;9;2,857
51210;Воздушные грузовые перевозки;9;2,857
51220;Космическая транспортная система;9;2,857
52200;Вспомогательная деятельность по перевозкам;9;2,857
52210;Услуги в области сухопутного транспорта;9;2,857
52220;Услуги в области водного транспорта;9;2,857
52230;Услуги в области воздушного транспорта;9;2,857
01470;Птицеводство;10;3,143
15200;Производство обуви;10;3,143
17000;Производство бумаги и бумажной продукции;10;3,143
17100;Производство массы для бумаги и целлюлозы, бумаги и картона;10;3,143
17110;Производство массы для бумаги и целлюлозы;10;3,143
17120;Производство бумаги и картона;10;3,143
17200;Производство изделий из бумаги и картона;10;3,143
17210;Производство гофрированной бумаги и картона, бумажной и картонной тары (емкостей);10;3,143
17220;Производство хозяйственной и санитарно-гигиенической бумаги;10;3,143
17230;Производство писчей бумаги;10;3,143
17240;Производство оберточной бумаги;10;3,143
17290;Производство прочих изделий из бумаги и картона;10;3,143
20160;Производство пластмассы в первичных формах;10;3,143
20170;Производство синтетического каучука в первичных формах;10;3,143
25120;Производство металлических дверей и окон;10;3,143
25290;Производство других металлических цистерн, резервуаров и контейнеров;10;3,143
25700;Производство посуды, металлических ручных инструментов и изделий из металла для общего пользования;10;3,143
25710;Производство посуды;10;3,143
25720;Производство замков, крючков и петель;10;3,143
25730;Производство инструментов;10;3,143
25900;Производство других готовых металлических изделий;10;3,143
25910;Производство металлических бочек и подобных емкостей;10;3,143
25920;Производство упаковочных материалов из легких металлов;10;3,143
25930;Производство изделий из проволоки, цепей и пружин;10;3,143
25940;Производство крепежных и резьбовых изделий;10;3,143
25990;Производство готовых металлических изделий, не включенных в другие категории;10;3,143
26200;Производство компьютеров и периферийного оборудования;10;3,143
26300;Производство коммуникационного оборудования;10;3,143
26400;Производство бытовой электроники;10;3,143
29310;Производство электрических и электронных комплектующих для автотранспортных средств;10;3,143
30000;Производство прочего транспортного оборудования;10;3,143
30100;Строительство морских судов и лодок;10;3,143
30110;Строительство судов и плавучих конструкций;10;3,143
30120;Строительство прогулочных и спортивных лодок;10;3,143
30990;Производство прочих транспортных средств и оборудования, не включенных в другие категории;10;3,143
32400;Производство игр и игрушек;10;3,143
32990;Производство прочих изделий, не включенных в другие категории;10;3,143
33000;Ремонт и монтаж машин и оборудования;10;3,143
33100;Ремонт готовых металлических изделий, машин и оборудования;10;3,143
33110;Ремонт готовых металлических изделий;10;3,143
33120;Ремонт машин и оборудования;10;3,143
33130;Ремонт электронного и оптического оборудования;10;3,143
33140;Ремонт электрического оборудования;10;3,143
33150;Ремонт и техническое обслуживание судов и лодок;10;3,143
33160;Ремонт и техническое обслуживание воздушных судов и космических аппаратов;10;3,143
43130;Бурение поисковое;10;3,143
49300;Прочий пассажирский транспорт по суше;10;3,143
49310;Городской и пригородный пассажирский транспорт по суше;10;3,143
49320;Таксомоторная деятельность;10;3,143
49390;Прочие виды пассажирских перевозок по суше, не включённые в другие категории;10;3,143
49400;Услуги по перевозке грузов и вывозу отходов автомобильным транспортом;10;3,143
49410;Перевозка грузов автомобильным транспортом;10;3,143
49420;Услуги по переезду (переезд);10;3,143
01613;Обслуживание сельскохозяйственного орошения;11;3,429
02000;Лесное хозяйство и подготовка древесины;11;3,429
02100;Лесное хозяйство и иная лесозаготовительная деятельность;11;3,429
02200;Подготовка древесины;11;3,429
02300;Сбор лесных продуктов, кроме древесины;11;3,429
03000;Рыболовство и аквакультура;11;3,429
03100;Рыболовство;11;3,429
03110;Рыболовство в морях;11;3,429
03120;Рыболовство в пресных водах;11;3,429
10000;Производство пищевых продуктов;11;3,429
10100;Переработка и консервирование мяса, производство мясных продуктов;11;3,429
10110;Переработка мяса;11;3,429
10111;Забой крупного рогатого скота, переработка и упаковка мяса;11;3,429
10112;Производство свежего, охлажденного и замороженного мяса;11;3,429
10119;Прочая деятельность по переработке мяса;11;3,429
10120;Переработка мяса домашней птицы;11;3,429
10130;Производство продуктов из мяса и мяса домашней птицы;11;3,429
10131;Производство соленого, сушеного или копченого мяса, мяса птицы и пищевых субпродуктов;11;3,429
10132;Производство колбасных изделий;11;3,429
10139;Производство прочих мясных продуктов, не включенных в другие категории;11;3,429
10200;Переработка и консервирование рыбы, ракообразных и моллюсков;11;3,429
10300;Переработка и консервирование фруктов и овощей;11;3,429
10310;Переработка и консервирование картофеля;11;3,429
10320;Производство фруктовых и овощных соков;11;3,429
10390;Другие виды переработки и консервирования фруктов и овощей;11;3,429
10860;Производство детского питания и диетических продуктов питания;11;3,429
20130;Производство прочих основных неорганических химических веществ;11;3,429
20140;Производство прочих основных органических химических веществ;11;3,429
20150;Производство удобрений и азотистых соединений;11;3,429
20151;Производство удобрений;11;3,429
20500;Производство прочих химических веществ;11;3,429
20510;Производство взрывчатых веществ;11;3,429
20590;Производство прочих химических веществ, не включенных в другие категории;11;3,429
20600;Производство синтетических волокон;11;3,429
23900;Производство абразивных изделий и прочих неметаллических минеральных продуктов, не включенных в другие категории;11;3,429
23910;Производство абразивных изделий;11;3,429
26000;Производство компьютеров, электронных и оптических изделий;11;3,429
26100;Производство электронных компонентов и плат (схем);11;3,429
26110;Производство электронных компонентов;11;3,429
26120;Производство электронных нагрузочных панелей;11;3,429
29100;Производство моторных транспортных средств;11;3,429
29200;"Производство кузовов для автотранспортных средств; производство прицепов и полуприцепов";11;3,429
30910;Производство мотоциклов;11;3,429
41000;Строительство зданий и сооружений;11;3,429
41200;Строительство жилых и нежилых зданий;11;3,429
41201;Строительство жилых зданий;11;3,429
41202;Строительство нежилых зданий;11;3,429
42000;Строительство гражданских объектов;11;3,429
42100;Строительство автомобильных дорог и железных дорог;11;3,429
42110;Строительство дорог и шоссейных дорог;11;3,429
42200;Строительство инженерных сооружений;11;3,429
42210;Строительство распределительных инженерных объектов;11;3,429
42220;Строительство распределительных объектов для электроснабжения и телекоммуникаций;11;3,429
42900;Строительство прочих инженерных сооружений;11;3,429
42910;Строительство гидротехнических сооружений;11;3,429
42990;Строительство прочих инженерных сооружений, не включенных в другие категории;11;3,429
43000;Специализированные строительные работы;11;3,429
43100;Снос существующих зданий и подготовка площадок для строительства;11;3,429
43110;Демонтаж зданий по частям и снос;11;3,429
43120;Подготовительные работы на строительных площадках;11;3,429
43200;Электротехнические, сантехнические и другие монтажные работы;11;3,429
43210;Электротехнические и монтажные работы;11;3,429
43220;Монтаж систем водоснабжения, отопления и кондиционирования воздуха;11;3,429
43290;Прочие строительные и монтажные работы;11;3,429
43291;Изоляционные работы;11;3,429
43299;Прочие строительные и монтажные работы, не включенные в другие категории;11;3,429
43320;Плотницкие работы;11;3,429
43340;Малярные и стекольные работы;11;3,429
43900;Прочие специализированные строительные работы;11;3,429
43910;Кровельные работы;11;3,429
01410;Разведение молочных пород крупного рогатого скота;12;3,714
01420;Разведение других пород крупного рогатого скота и буйволов;12;3,714
01430;Разведение лошадей и других копытных пород;12;3,714
01431;Разведение лошадей;12;3,714
01432;Разведение ослов, мулов и других копытных пород;12;3,714
01440;Разведение верблюдов и верблюдообразных;12;3,714
01450;Разведение овец и коз;12;3,714
01451;Разведение овец каракульской породы;12;3,714
01452;Разведение овец, не относящихся к каракульской породе;12;3,714
01453;Разведение коз;12;3,714
01460;Разведение свиней и поросят;12;3,714
01490;Разведение других видов животных;12;3,714
01491;Разведение тутового шелкопряда;12;3,714
01492;Разведение пчёл;12;3,714
01493;Разведение кроликов и других мелких животных;12;3,714
01499;Разведение животных, не включённых в другие категории;12;3,714
01500;Смешанное сельское хозяйство;12;3,714
01600;Вспомогательные виды деятельности в сельском хозяйстве;12;3,714
01610;Вспомогательные виды деятельности в растениеводстве;12;3,714
01611;Обеспечение сельхозтехники операторами и техническим персоналом;12;3,714
01612;Защита растений от болезней, вредителей и грызунов;12;3,714
01620;Вспомогательные виды деятельности в животноводстве;12;3,714
01630;Сельскохозяйственная деятельность после уборки урожая;12;3,714
23320;Производство кирпича, черепицы и изделий из обожжённой глины, не включённых в другие категории;12;3,714
23520;Производство извести и гипса для строительства;12;3,714
23600;Производство изделий из бетона, гипса и цемента;12;3,714
23610;Производство бетонных изделий для строительства;12;3,714
23620;Производство гипсовых изделий для строительных целей;12;3,714
23700;Резка, обработка и отделка камня;12;3,714
25620;Основные технологические процессы машиностроения;12;3,714
26500;"Производство измерительных, испытательных и навигационных приборов; производство часов всех видов";12;3,714
26510;Производство приборов для измерения, контроля, испытаний и навигации;12;3,714
26700;Производство оптических приборов и фототехники;12;3,714
27000;Производство электрического оборудования;12;3,714
27100;Производство электрических двигателей, генераторов, трансформаторов и распределительных и управляющих устройств;12;3,714
27110;Производство электрических двигателей, генераторов и трансформаторов;12;3,714
27120;Производство распределительных и управляющих электрических устройств;12;3,714
27200;Производство батарей и аккумуляторов;12;3,714
27300;Производство электрических проводов и кабелей;12;3,714
27310;Производство оптических волоконных кабелей;12;3,714
27320;Производство других видов электрических проводов и кабелей;12;3,714
27330;Производство электрических приборов;12;3,714
27400;Производство электрических осветительных приборов;12;3,714
28120;Производство гидравлического и пневматического оборудования;12;3,714
28130;Производство других насосов и компрессоров;12;3,714
28140;Производство других кранов и вентилей;12;3,714
28930;Производство оборудования для пищевой промышленности, напитков и табачных изделий;12;3,714
28950;Производство машин и оборудования для изготовления бумаги и картона;12;3,714
28960;Производство оборудования для переработки пластмасс и резины;12;3,714
01000;Земледелие и животноводство, охота и услуги в этих сферах;13;4,0
01100;Выращивание сезонных культур;13;4,0
01110;Выращивание семян зерновых (кроме риса), бобовых и масличных культур;13;4,0
01111;Выращивание зерновых культур (кроме риса);13;4,0
01112;Выращивание бобовых культур;13;4,0
01113;Выращивание масличных культур и их семян;13;4,0
01120;Выращивание риса;13;4,0
01130;Выращивание овощей, бахчевых и корнеплодных культур;13;4,0
01131;Выращивание овощей;13;4,0
01132;Выращивание бахчевых культур;13;4,0
01133;Выращивание корнеплодных культур, богатых крахмалом и инулином, и их семян;13;4,0
01139;Выращивание других корнеплодных культур, их семян, грибов и трюфелей;13;4,0
01140;Выращивание сахарного тростника;13;4,0
01150;Выращивание табака;13;4,0
01160;Выращивание волокнистых технических культур;13;4,0
01161;Выращивание хлопка;13;4,0
01162;Выращивание льна;13;4,0
01169;Выращивание других волокнистых (технических) культур;13;4,0
01190;Выращивание других сезонных культур;13;4,0
01191;Выращивание кормовых культур и их семян;13;4,0
01192;Выращивание цветов и их семян;13;4,0
01199;Выращивание других однолетних культур, не включённых в другие категории;13;4,0
01200;Выращивание многолетних культур;13;4,0
01210;Выращивание винограда;13;4,0
01220;Выращивание тропических и субтропических фруктов;13;4,0
01230;Выращивание цитрусовых;13;4,0
01240;Выращивание косточковых и семечковых фруктов;13;4,0
01250;Выращивание других видов плодовых деревьев, кустарников и орехов;13;4,0
01260;Выращивание масличных плодов;13;4,0
01270;Выращивание культур для производства напитков;13;4,0
01280;Выращивание пряностей, ароматических, сильнодействующих наркотических и фармацевтических растений;13;4,0
01290;Выращивание других многолетних культур;13;4,0
01300;Производство саженцев;13;4,0
01400;Животноводство;13;4,0
01640;Обработка семян и подготовка к посеву;13;4,0
02400;Техническое обслуживание в сфере лесного хозяйства;13;4,0
16000;Производство изделий из древесины и пробки (кроме мебели), изделий из лыка и плетеных материалов;13;4,0
16100;Доска и шлифовка древесины;13;4,0
16200;Производство шпона, фанеры, плит и панелей из древесины;13;4,0
16210;Производство паркетных покрытий;13;4,0
16220;Производство других деревянных строительных конструкций и столярных изделий;13;4,0
16230;Производство деревянной посуды;13;4,0
16240;"Производство других изделий из древесины; изделий из пробки, лыка и плетеных материалов";13;4,0
16290;Производство изделий из резины и пластмассы;13;4,0
22000;Производство изделий из резины;13;4,0
22100;"Производство резиновых покрышек и камер; восстановление резиновых покрышек";13;4,0
22110;Производство резиновых шин, покрышек и камер;13;4,0
22111;Восстановление резиновых шин и покрышек;13;4,0
22112;Производство других изделий из резины;13;4,0
22190;Производство стекла и изделий из стекла;13;4,0
23100;Производство листового стекла;13;4,0
23110;Формовка и обработка листового стекла;13;4,0
23120;Производство полых стеклянных изделий;13;4,0
23130;Производство стекловолокна;13;4,0
23140;Производство других стеклянных изделий, включая технические изделия, и их обработка;13;4,0
23190;Производство огнеупорных изделий;13;4,0
23200;Производство керамических изоляционных материалов и прокладок;13;4,0
23430;Производство цемента, извести и штукатурных изделий;13;4,0
23500;Производство цемента;13;4,0
23510;Производство волокнистого цемента;13;4,0
23650;Производство изделий из бетона, строительного гипса и цемента;13;4,0
23690;Металлургическая промышленность;13;4,0
24000;Производство чугуна, стали и железных сплавов;13;4,0
24100;Производство стальных труб, трубопроводов, профилей, фитингов;13;4,0
24200;Выращивание других видов плодовых деревьев, кустарников и орехов;13;4,0
24300;Производство других изделий из стали путем первичной обработки;13;4,0
25000;Производство готовых металлических изделий, кроме машин и оборудования;13;4,0
25100;Производство металлических строительных конструкций и изделий;13;4,0
25110;Производство металлических строительных конструкций и изделий (повтор);13;4,0
25200;Производство металлических цистерн, резервуаров и контейнеров;13;4,0
28000;Производство машин и оборудования, не отнесенных к другим категориям;13;4,0
28100;Производство машин и оборудования общего назначения;13;4,0
28110;Производство двигателей и турбин, кроме авиационных, а также двигателей для автомобилей и мотоциклов;13;4,0
28150;Производство подшипников, зубчатых колес, зубчатых передач и элементов приводов;13;4,0
28200;Производство других машин и оборудования общего назначения;13;4,0
29000;Производство автотранспортных средств, прицепов и полуприцепов;13;4,0
29300;Производство комплектующих и аксессуаров для автотранспортных средств;13;4,0
29320;Производство прочих комплектующих и аксессуаров для автотранспортных средств;13;4,0
30200;Производство железнодорожных локомотивов и подвижного состава;13;4,0
30300;Производство воздушных и космических летательных аппаратов;13;4,0
30900;Производство транспортного оборудования, не включенного в другие категории;13;4,0
31000;Производство мебели;13;4,0
31010;Производство офисной и магазинной мебели;13;4,0
31020;Производство кухонной мебели;13;4,0
31030;Производство матрасов;13;4,0
31090;Производство прочей мебели;13;4,0
32300;Производство спортивных товаров;13;4,0
32500;Производство медицинских и стоматологических инструментов и оборудования;13;4,0
33190;Ремонт прочего оборудования;13;4,0
01700;Охота и отлов диких животных, услуги в этих областях;14;4,286
07000;Добыча металлических руд;14;4,286
07100;Добыча железной руды;14;4,286
07200;Добыча цветных металлических руд;14;4,286
07210;Добыча урановых и ториевых руд;14;4,286
13000;Производство текстильных изделий;14;4,286
13100;Подготовка и прядение текстильных волокон;14;4,286
13102;Подготовка и прядение шерстяных волокон;14;4,286
13103;Подготовка и прядение шелковых волокон;14;4,286
13200;Текстильное производство;14;4,286
13202;Производство шерстяных тканей;14;4,286
13203;Производство шелковых тканей;14;4,286
13209;Производство прочих тканей;14;4,286
13300;Украшение текстильных изделий;14;4,286
13900;Производство прочих текстильных изделий;14;4,286
13910;Производство тканых и трикотажных полотен;14;4,286
13920;Производство готовых текстильных изделий, кроме одежды;14;4,286
13930;Производство ковров и ковровых изделий;14;4,286
13950;Производство нетканых изделий, кроме одежды;14;4,286
13960;Производство прочих технических и промышленных текстильных изделий;14;4,286
13990;Производство текстильных изделий, не включенных в другие категории;14;4,286
14200;Производство швейных изделий;14;4,286
24310;Холодная вытяжка;14;4,286
24320;Холодная прокатка лент и узких полос;14;4,286
24330;Холодное формование и фальцовка;14;4,286
24340;Производство проволоки путем холодного растяжения и натяжения;14;4,286
24420;Производство алюминия;14;4,286
24430;Производство свинца, цинка, олова;14;4,286
24440;Производство меди;14;4,286
24450;Производство прочих цветных металлов;14;4,286
24460;Производство ядерных топлив;14;4,286
24500;Литьё металлов;14;4,286
24510;Литьё чугуна;14;4,286
24520;Литьё стали;14;4,286
24530;Литьё лёгких металлов;14;4,286
24540;Литьё прочих цветных металлов;14;4,286
25210;Производство радиаторов и котлов центрального отопления;14;4,286
25400;Производство оружия и боеприпасов;14;4,286
25500;"Молотковая обработка листового металла, штамповка, формовка, профилирование на роликовых станках; порошковая металлургия";14;4,286
25600;"Обработка металлов и нанесение покрытий; основные технологические процессы машиностроения";14;4,286
25610;Обработка металлов и нанесение покрытий;14;4,286
27500;Производство бытовых приборов;14;4,286
27510;Производство бытовых электроприборов;14;4,286
27520;Производство бытовых неэлектрических приборов;14;4,286
27900;Производство прочих электрических приборов;14;4,286
28210;Производство плит, печей и горелок для печей;14;4,286
28220;Производство подъемно-транспортного оборудования;14;4,286
28230;Производство офисной техники и оборудования (кроме компьютеров и периферийных устройств);14;4,286
28250;Производство промышленного холодильного и вентиляционного оборудования;14;4,286
28290;Производство универсальных машин и оборудования, не включенных в другие категории;14;4,286
28400;Производство оборудования и механических устройств для обработки металлов под давлением;14;4,286
28410;Производство оборудования для обработки металлов под давлением;14;4,286
28900;Производство другой техники специального назначения;14;4,286
28990;Производство другой техники специального назначения, не включенной в другие категории;14;4,286
30400;Производство военной боевой техники;14;4,286
33170;Ремонт и техническое обслуживание других видов транспортного оборудования;14;4,286
33171;Ремонт и техническое обслуживание железнодорожных локомотивов и подвижного состава, включая трамваи, вагоны метро и троллейбусы;14;4,286
33200;Монтаж (сборка) промышленной техники и оборудования;14;4,286
08000;Деятельность, связанная с горнодобывающей промышленностью;15;4,571
08100;Обработка открытых каменных, грунтовых и песчаных карьеров;15;4,571
08110;Добыча камня, известняка, гипса, буры и сланцев для строительства и отделки;15;4,571
08121;Добыча глины и каолина;15;4,571
08122;Обогащение каолина и других каолиновых глин, а также первичная переработка;15;4,571
08129;Разработка прочих карьерных месторождений, не включенных в другие категории;15;4,571
13201;Производство пряжи;15;4,571
08900;Деятельность, связанная с горнодобывающей промышленностью и разработкой открытых шахт, не включенная в другие категории;16;4,857
08910;Добыча минерального сырья для химической промышленности и производства удобрений;16;4,857
13109;Подготовка и прядение других волокон;16;4,857
13940;Производство канатов, тросов, веревок, шпагатов и плетение сетей;16;4,857
28920;Производство техники для горнодобывающей промышленности и подземных шахт;16;4,857
23400;Производство других изделий из фаянса и керамики;17;5,143
23410;Производство бытовых и декоративных керамических изделий;17;5,143
23490;Производство других керамических изделий;17;5,143
24400;Производство основных драгоценных и цветных металлов;17;5,143
24410;Производство благородных (драгоценных) металлов;17;5,143
25300;Производство паровых котлов, кроме центральных отопительных котлов;17;5,143
28240;Производство ручных электрических инструментов;17;5,143
28490;Производство других устройств для обработки металлов;17;5,143
08920;Добыча торфа;18;5,714
09000;Техническое обслуживание в горнодобывающей промышленности;18;5,714
09100;Техническое обслуживание в сфере добычи нефти и природного газа;18;5,714
09900;Техническая помощь в других областях горной промышленности и при подземных работах;18;5,714
28910;Производство машин и оборудования для металлургии;18;5,714
08120;Разработка открытых карьеров гравия и песка, добыча почвы и каолина;19;6,0
08990;Прочая деятельность, связанная с горной промышленностью, не включенная в другие категории;19;6,0
13101;Подготовка и прядение хлопковых волокон;19;6,0
23990;Производство неметаллических минеральных продуктов, не включенных в другие категории;19;6,0
42120;Строительство железных дорог и линий метро;19;6,0
42130;Строительство мостов и тоннелей;19;6,0
43990;Прочие специализированные строительные работы, не включенные в другие категории;19;6,0
05000;Добыча угля и лигнита;20;7,714
05100;Добыча каменного угля;20;7,714
05200;Добыча лигнита;20;7,714
07290;Добыча руд цветных металлов, не включенных в другие категории;20;7,714
