ticker,company,issuer_classes,share_class,activity,market_cap,capitalisation_status,excluded_preferred,notes,browser_checked,pe,pe_status,pe_computed,pe_shown,pe_period,pe_denominator,pb,pb_status,pb_computed,pb_shown,pb_period,pb_denominator
AGBA,"""Agrobank"" aksiyadorlik tijorat banki","AGBA, AGBAP",ordinary,active,6648072118110.2,ok,,,True,41.77884970380983,ok,,"41,78× | 2025A + 6М2026 − 6М2025",2025A + 6М2026 − 6М2025,159125303000,0.47927446412543384,ok,,"0,48× | 2026Q2",2026Q2,13871116898000
AGBAP,Agrobank,"AGBA, AGBAP",preferred,active,6648072118110.2,ok,,,True,41.77884970380983,ok,,"41,78× | 2025A + 6М2026 − 6М2025",2025A + 6М2026 − 6М2025,159125303000,0.47927446412543384,ok,,"0,48× | 2026Q2",2026Q2,13871116898000
AGMK,"""Olmaliq kon-metallurgiya kombinati"" aksiyadorlik jamiyati","AGMK, AGMKP",ordinary,inactive,,incomplete,,AGMK: verified class price is unavailable,True,,no_market_cap,,неполная капитализация эмитента,,17384609198000,,no_market_cap,,неполная капитализация эмитента,,43353925327000
AGMKP,"""Olmaliq kon-metallurgiya kombinati"" aksiyadorlik jamiyati","AGMK, AGMKP",preferred,active,,incomplete,,AGMK: verified class price is unavailable,True,,no_market_cap,,неполная капитализация эмитента,,17384609198000,,no_market_cap,,неполная капитализация эмитента,,43353925327000
ALKB,"Аksiyadorlik tijorat ""Aloqabank""","ALKB, ALKBP",ordinary,active,3285943041798.85,ok,,,True,11.10556047882427,ok,,"11,11× | 2025A + 6М2026 − 6М2025",2025A + 6М2026 − 6М2025,295882684000,0.6648142346544088,ok,,"0,66× | 2026Q2",2026Q2,4942648443000
ALKBP,"Аksiyadorlik tijorat ""Aloqabank""","ALKB, ALKBP",preferred,active,3285943041798.85,ok,,,True,11.10556047882427,ok,,"11,11× | 2025A + 6М2026 − 6М2025",2025A + 6М2026 − 6М2025,295882684000,0.6648142346544088,ok,,"0,66× | 2026Q2",2026Q2,4942648443000
ALSM,"""Alskom sug'urta kompaniyasi"" aksiyadorlik jamiyati","ALSM, ALSMP",ordinary,active,100195781400,ok,,PE: loss_making; ,True,,loss_making,-61.78927327834054,"-61,79× | убыток",2025A + 6М2026 − 6М2025,-1621572420,1.408899943901373,ok,,"1,41× | 2026Q2",2026Q2,71116321520
ALSMP,"""Alskom sug'urta kompaniyasi"" aksiyadorlik jamiyati","ALSM, ALSMP",preferred,active,100195781400,ok,,PE: loss_making; ,True,,loss_making,-61.78927327834054,"-61,79× | убыток",2025A + 6М2026 − 6М2025,-1621572420,1.408899943901373,ok,,"1,41× | 2026Q2",2026Q2,71116321520
BECM,"""Bekobodsement"" Aksiyadorlik jamiyati","BECM, BECMP",ordinary,active,120619502418.00002,ok,,PE: loss_making; ,True,,loss_making,-4.1790418977876005,"-4,18× | убыток",2024A + 9М2025 − 9М2024,-28862956000,1.2515890189513588,ok,,"1,25× | 2025Q3",2025Q3,96373091000
BECMP,"""Bekobodsement"" Aksiyadorlik jamiyati","BECM, BECMP",preferred,active,120619502418.00002,ok,,PE: loss_making; ,True,,loss_making,-4.1790418977876005,"-4,18× | убыток",2024A + 9М2025 − 9М2024,-28862956000,1.2515890189513588,ok,,"1,25× | 2025Q3",2025Q3,96373091000
BIOK,Biokimyo,BIOK,ordinary,active,82608315520,ok,,,True,7.06821574951396,ok,,"7,07× | 2025A + 6М2026 − 6М2025",2025A + 6М2026 − 6М2025,11687294000,0.6563024290549302,ok,,"0,66× | 2026Q2",2026Q2,125869282000
BNGP,"""Buxoroneftgazparmalash"" aksiyadorlik jamiyati","BNGP, BNGPP",ordinary,active,190636100032,ok,,,True,166.61039171250513,ok,,"166,61× | 6М2026 · оценка",6М2026,1144202940,2.3586697597462427,ok,,"2,36× | 2026Q2",2026Q2,80823565590
BNGPP,"""Buxoroneftgazparmalash"" aksiyadorlik jamiyati","BNGP, BNGPP",preferred,active,190636100032,ok,,,True,166.61039171250513,ok,,"166,61× | 6М2026 · оценка",6М2026,1144202940,2.3586697597462427,ok,,"2,36× | 2026Q2",2026Q2,80823565590
BRBN,"""Biznesni rivojlantirish banki"" aksiyadorlik tijorat banki","BRBN, BRBNP",ordinary,active,6207335902240,ok,,,True,15.839859237994872,ok,,"15,84× | 2025A + 6М2026 − 6М2025",2025A + 6М2026 − 6М2025,391880749000,1.1305896308161483,ok,,"1,13× | 2026Q2",2026Q2,5490352762000
BRBNP,Biznesni rivojlantirish banki,"BRBN, BRBNP",preferred,active,6207335902240,ok,,,True,15.839859237994872,ok,,"15,84× | 2025A + 6М2026 − 6М2025",2025A + 6М2026 − 6М2025,391880749000,1.1305896308161483,ok,,"1,13× | 2026Q2",2026Q2,5490352762000
BTRL,«BOSHTRANSLOYIHA» Транспорт бўйича бош лойиҳа-қидирув институти акциядорлик жамияти,BTRL,ordinary,active,47201884800,ok,,,True,34.309505025196856,ok,,"34,31× | 2025A + 6М2026 − 6М2025",2025A + 6М2026 − 6М2025,1375767000,3.85579106890677,ok,,"3,86× | 2026Q2",2026Q2,12241816000
CBSK,"""Chilonzor buyum savdo kompleksi"" aksiyadorlik jamiyati",CBSK,ordinary,active,315486210212.1,ok,,,True,6.976493192626388,ok,,"6,98× | 2025A + 6М2026 − 6М2025",2025A + 6М2026 − 6М2025,45221317000,1.8154926854377518,ok,,"1,82× | 2026Q2",2026Q2,173774432000
DORI,"""DORI-DARMON"" aksiyadorlik kompaniyasi",DORI,ordinary,active,107976960000,ok,,PE: loss_making; ,True,,loss_making,-2.9385956345754853,"-2,94× | убыток",2025A + 6М2026 − 6М2025,-36744409040,0.7751090057338433,ok,,"0,78× | 2026Q2",2026Q2,139305516000
DRBK,"""Davr-bank"" Xususiy aksiyadorlik tijorat banki",DRBK,ordinary,active,,incomplete,,DRBK: class price is older than 90 days,True,,no_market_cap,,неполная капитализация эмитента,,702259583000,,no_market_cap,,неполная капитализация эмитента,,
EQQU,"""Elektrqishloqqurilish"" aksiyadorlik jamiyati",EQQU,ordinary,active,50498070000,ok,,,True,5.743637881751833,ok,,"5,74× | 2025A + 6М2026 − 6М2025",2025A + 6М2026 − 6М2025,8792001000,0.38700861295678485,ok,,"0,39× | 2026Q2",2026Q2,130483065000
FRAZ,"""Farg'onaazot"" aksiyadorlik jamiyati","FRAZ, FRAZP",ordinary,inactive,,incomplete,,FRAZ: verified class price is unavailable,True,,no_market_cap,,неполная капитализация эмитента,,101783633000,,no_market_cap,,неполная капитализация эмитента,,2128140298000
FRAZP,"""Farg'onaazot"" aksiyadorlik jamiyati","FRAZ, FRAZP",preferred,active,,incomplete,,FRAZ: verified class price is unavailable,True,,no_market_cap,,неполная капитализация эмитента,,101783633000,,no_market_cap,,неполная капитализация эмитента,,2128140298000
GRBK,GARANT BANK,"GRBK, GRBKP",ordinary,active,8539873000000,ok,GRBKP,Excluded inactive preferred: GRBKP,True,196.795930254946,ok,,"196,8× | 2025A + 6М2026 − 6М2025",2025A + 6М2026 − 6М2025,43394561000,14.708787984597528,ok,,"14,71× | 2026Q2",2026Q2,580596648000
GRBKP,“Garant bank” aksiyadorlik jamiyati,"GRBK, GRBKP",preferred,inactive,8539873000000,ok,GRBKP,Excluded inactive preferred: GRBKP | PE: audit_blocked; значение снято аудитором данных,True,,audit_blocked,,снято аудитом,2025A + 6М2026 − 6М2025,43394561000,14.708787984597528,ok,,"14,71× | 2026Q2",2026Q2,580596648000
HMKB,"Chet el kapitali ishtirokidagi ""Hamkorbank"" aksiyadorlik tijorat banki","HMKB, HMKBP",ordinary,active,12510222164400,ok,,,True,6.696640140973516,ok,,"6,7× | 2025A + 6М2026 − 6М2025",2025A + 6М2026 − 6М2025,1868134154000,1.6300660497744128,ok,,"1,63× | 2026Q2",2026Q2,7674671935000
HMKBP,"Chet el kapitali ishtirokidagi ""Hamkorbank"" aksiyadorlik tijorat banki","HMKB, HMKBP",preferred,active,12510222164400,ok,,,True,6.696640140973516,ok,,"6,7× | 2025A + 6М2026 − 6М2025",2025A + 6М2026 − 6М2025,1868134154000,1.6300660497744128,ok,,"1,63× | 2026Q2",2026Q2,7674671935000
INFB,<Invest Finance Bank> aksiyadorlik jamiyati,INFB,ordinary,active,1940000000000,ok,,PE: no_financials;  | PB: no_financials; ,True,,no_financials,,—,,,,no_financials,,—,,
IPKY,"""Ipak Yo'li"" aksiyadorlik innovatsiya tijorat banki","IPKY, IPKYP",ordinary,active,12829903542326.719,ok,IPKYP,Excluded inactive preferred: IPKYP,True,13.875886667254944,ok,,"13,88× | 2025A + 6М2026 − 6М2025",2025A + 6М2026 − 6М2025,924618646000,2.615033805472177,ok,,"2,62× | 2026Q2",2026Q2,4906209440000
IPKYP,"""Ipak Yo'li"" aksiyadorlik innovatsiya tijorat banki","IPKY, IPKYP",preferred,active,12829903542326.719,ok,IPKYP,Excluded inactive preferred: IPKYP,True,13.875886667254944,ok,,"13,88× | 2025A + 6М2026 − 6М2025",2025A + 6М2026 − 6М2025,924618646000,2.615033805472177,ok,,"2,62× | 2026Q2",2026Q2,4906209440000
IPTB,"""Ipoteka-bank"" aksiyadorlik tijorat ipoteka banki","IPTB, IPTBP",ordinary,active,13895304095726.479,ok,,,True,6.370671831041798,ok,,"6,37× | 2025A + 6М2026 − 6М2025",2025A + 6М2026 − 6М2025,2181136380000,1.4588592408531702,ok,,"1,46× | 2026Q2",2026Q2,9524773677000
IPTBP,"""Ipoteka-bank"" aksiyadorlik tijorat ipoteka banki","IPTB, IPTBP",preferred,active,13895304095726.479,ok,,,True,6.370671831041798,ok,,"6,37× | 2025A + 6М2026 − 6М2025",2025A + 6М2026 − 6М2025,2181136380000,1.4588592408531702,ok,,"1,46× | 2026Q2",2026Q2,9524773677000
JASM,"""Janubsanoatmontaj"" aksiyadorlik jamiyati",JASM,ordinary,active,48830796300,ok,,,True,15.836102514309175,ok,,"15,84× | 2025A + 6М2026 − 6М2025",2025A + 6М2026 − 6М2025,3083511000,1.7087346198895565,ok,,"1,71× | 2026Q2",2026Q2,28577168000
KASU,"""KAPITAL SUG’URTA"" aksiyadorlik jamiyati","KASU, KASUP",ordinary,active,380000000000,ok,,,True,63.66957799889153,ok,,"63,67× | 2025A + 6М2026 − 6М2025",2025A + 6М2026 − 6М2025,5968313470,3.116536067010337,ok,,"3,12× | 2026Q2",2026Q2,121930243010
KASUP,"""KAPITAL SUG’URTA"" aksiyadorlik jamiyati","KASU, KASUP",preferred,active,380000000000,ok,,,True,63.66957799889153,ok,,"63,67× | 2025A + 6М2026 − 6М2025",2025A + 6М2026 − 6М2025,5968313470,3.116536067010337,ok,,"3,12× | 2026Q2",2026Q2,121930243010
KFSK,"""Kafolat sug'urta kompaniyasi"" aksiyadorlik jamiyati","KFSK, KFSKP",ordinary,active,21642633700000,ok,,PE: out_of_range;  | PB: out_of_range; ,True,893.6162210485307,out_of_range,,н/зн,2025A + 6М2026 − 6М2025,24219159400,79.3846446507014,out_of_range,,н/зн,2026Q2,272629975170.00003
KFSKP,"""Kafolat sug'urta kompaniyasi"" aksiyadorlik jamiyati","KFSK, KFSKP",preferred,active,21642633700000,ok,,PE: out_of_range;  | PB: out_of_range; ,True,893.6162210485307,out_of_range,,н/зн,2025A + 6М2026 − 6М2025,24219159400,79.3846446507014,out_of_range,,н/зн,2026Q2,272629975170.00003
KSCM,"""Quvasoycement"" AJ","KSCM, KSCMP",ordinary,active,58008503826,ok,KSCMP,Excluded inactive preferred: KSCMP,True,52.704051825927685,ok,,"52,7× | 6М2026 · оценка",6М2026,1100646000,0.12201578643184371,ok,,"0,12× | 2026Q2",2026Q2,475418021900
KSCMP,"""Quvasoycement"" aksiyadorlik jamiyati","KSCM, KSCMP",preferred,active,58008503826,ok,KSCMP,Excluded inactive preferred: KSCMP,True,52.704051825927685,ok,,"52,7× | 6М2026 · оценка",6М2026,1100646000,0.12201578643184371,ok,,"0,12× | 2026Q2",2026Q2,475418021900
KVTS,Kvarts AJ,KVTS,ordinary,active,323104880300,ok,,,True,5.988255834718694,ok,,"5,99× | 2025A + 6М2026 − 6М2025",2025A + 6М2026 − 6М2025,53956425580,1.324025330174358,ok,,"1,32× | 2026Q2",2026Q2,244032249940
MCBA,"""Mikrokreditbank"" aksiyadorlik-tijorat banki","MCBA, MCBAP",ordinary,active,6745330401543.38,ok,,,True,35.8247751007064,ok,,"35,82× | 2025A + 6М2026 − 6М2025",2025A + 6М2026 − 6М2025,188286748000,1.1598441913922084,ok,,"1,16× | 2026Q2",2026Q2,5815721156000
MCBAP,Mikrokreditbank,"MCBA, MCBAP",preferred,active,6745330401543.38,ok,,,True,35.8247751007064,ok,,"35,82× | 2025A + 6М2026 − 6М2025",2025A + 6М2026 − 6М2025,188286748000,1.1598441913922084,ok,,"1,16× | 2026Q2",2026Q2,5815721156000
METQ,"""Maxsuselektrtarmoqqurilish"" aksiyadorlik jamiyati",METQ,ordinary,active,116354100000,ok,,,True,6.783538811639338,ok,,"6,78× | 2025A + 6М2026 − 6М2025",2025A + 6М2026 − 6М2025,17152419000,1.7476673818457389,ok,,"1,75× | 2026Q2",2026Q2,66576799000
MIQE,"""Minora qurish ekspeditsiyasi"" aksiyadorlik jamiyati",MIQE,ordinary,active,77648340000,ok,,,True,32.28045392318792,ok,,"32,28× | 2025A + 6М2026 − 6М2025",2025A + 6М2026 − 6М2025,2405429000,1.2205939428636643,ok,,"1,22× | 2026Q2",2026Q2,63615210000
MXUS,"""93-maxsus trest"" aksiyadorlik jamiyati",MXUS,ordinary,inactive,,incomplete,,MXUS: verified class price is unavailable,True,,no_market_cap,,неполная капитализация эмитента,,31327200,,no_market_cap,,неполная капитализация эмитента,,12111110000
NGQS,"""Neft va gaz quduqlarini sinash"" aksiyadorlik jamiyati",NGQS,ordinary,active,51145969500,ok,,PE: out_of_range; ,True,356.8730122734916,out_of_range,,н/зн,2025A + 6М2026 − 6М2025,143317000,1.9289733930045954,ok,,"1,93× | 2026Q2",2026Q2,26514606000
OCBK,«Octobank» aksiyadorlik jamiyati,OCBK,ordinary,active,,incomplete,,OCBK: class price is older than 90 days,True,,no_market_cap,,неполная капитализация эмитента,,274704445000,,no_market_cap,,неполная капитализация эмитента,,1202041753000
OHDN,"""Ohangaron don"" aksiyadorlik jamiyati",OHDN,ordinary,active,53284290200,ok,,,True,11.820776625497679,ok,,"11,82× | 2025A + 6М2026 − 6М2025",2025A + 6М2026 − 6М2025,4507681000,0.7447209496853898,ok,,"0,74× | 2026Q2",2026Q2,71549337000
ORFI,<Orient Finans> xususiy aksiyadorlik tijorat banki,"ORFI, ORFIP",ordinary,active,,incomplete,,ORFI: class price is older than 90 days,True,,no_market_cap,,неполная капитализация эмитента,,,,no_market_cap,,неполная капитализация эмитента,,
ORFIP,<Orient Finans> xususiy aksiyadorlik tijorat banki,"ORFI, ORFIP",preferred,active,,incomplete,,ORFI: class price is older than 90 days,True,,no_market_cap,,неполная капитализация эмитента,,,,no_market_cap,,неполная капитализация эмитента,,
ORGS,"""Orgres"" aksiyadorlik jamiyati",ORGS,ordinary,active,1382427648,ok,,,True,2.297677683354303,ok,,"2,3× | 2025A + 6М2026 − 6М2025",2025A + 6М2026 − 6М2025,601663000,0.33563062723603604,ok,,"0,34× | 2026Q2",2026Q2,4118896000
PLST,"""Portlatishsanoat"" aksiyadorlik jamiyati","PLST, PLSTP",ordinary,active,136620945102,ok,PLSTP,Excluded inactive preferred: PLSTP,True,30.335523647644962,ok,,"30,34× | 2025A + 6М2026 − 6М2025",2025A + 6М2026 − 6М2025,4503662000,10.390762454149995,ok,,"10,39× | 2026Q2",2026Q2,13148308000
PLSTP,"""Portlatishsanoat"" aksiyadorlik jamiyati","PLST, PLSTP",preferred,active,136620945102,ok,PLSTP,Excluded inactive preferred: PLSTP,True,30.335523647644962,ok,,"30,34× | 2025A + 6М2026 − 6М2025",2025A + 6М2026 − 6М2025,4503662000,10.390762454149995,ok,,"10,39× | 2026Q2",2026Q2,13148308000
QATT,"""Qashqadaryo texnologik transport"" aksiyadorlik jamiyati","QATT, QATTP",ordinary,active,30045484496.000004,ok,QATTP,Excluded inactive preferred: QATTP,True,19.006217324635763,ok,,"19,01× | 2025A + 6М2026 − 6М2025",2025A + 6М2026 − 6М2025,1580824000,0.8389344321256587,ok,,"0,84× | 2026Q2",2026Q2,35813865000
QATTP,"""Qashqadaryo texnologik transport"" aksiyadorlik jamiyati","QATT, QATTP",preferred,inactive,30045484496.000004,ok,QATTP,Excluded inactive preferred: QATTP,True,19.006217324635763,ok,,"19,01× | 2025A + 6М2026 − 6М2025",2025A + 6М2026 − 6М2025,1580824000,0.8389344321256587,ok,,"0,84× | 2026Q2",2026Q2,35813865000
QZSM,"""Qizilqumsement"" aksiyadorlik jamiyati",QZSM,ordinary,active,671275350000,ok,,,True,20.654145071144036,ok,,"20,65× | 2025A + 3М2026 − 3М2025",2025A + 3М2026 − 3М2025,32500757000,0.22467431447247588,ok,,"0,22× | 2026Q1",2026Q1,2987770772000
SANE,"""Sarbon-Neftegaz"" aksiyadorlik jamiyati",SANE,ordinary,active,139113589560,ok,,,True,179.01540792480802,ok,,"179,02× | 2025A + 6М2026 − 6М2025",2025A + 6М2026 − 6М2025,777104000,8.245790748913171,ok,,"8,25× | 2026Q2",2026Q2,16870861000
SQBN,"""O'zbekiston sanoat - qurilish banki"" aksiyadorlik tijorat banki","SQBN, SQBNP",ordinary,active,10007139923156,ok,,,True,4.597505222705081,ok,,"4,6× | 2025A + 6М2026 − 6М2025",2025A + 6М2026 − 6М2025,2176645689000,0.7726340579409133,ok,,"0,77× | 2026Q2",2026Q2,12951978780000
SQBNP,"""O'zbekiston sanoat - qurilish banki"" aksiyadorlik tijorat banki","SQBN, SQBNP",preferred,active,10007139923156,ok,,,True,4.597505222705081,ok,,"4,6× | 2025A + 6М2026 − 6М2025",2025A + 6М2026 − 6М2025,2176645689000,0.7726340579409133,ok,,"0,77× | 2026Q2",2026Q2,12951978780000
TGBK,"""Tenge Bank"" aksiyadorlik tijorat banki",TGBK,ordinary,inactive,,incomplete,,TGBK: verified class price is unavailable,True,,no_market_cap,,неполная капитализация эмитента,,54856400000,,no_market_cap,,неполная капитализация эмитента,,1380752516000
TGPG,«TASHGIPROGOR» Aksiyadorlik jamiyati,TGPG,ordinary,active,53075036000,ok,,"PE: unverified; валовая прибыль больше выручки; чистая прибыль больше выручки в 1,5 раза | PB: out_of_range; ",True,,unverified,-14.522858199877364,"-14,52× | проверяется",2025A + 6М2026 − 6М2025,-3654586120,34.948693443241055,out_of_range,,н/зн,2026Q2,1518655800
TKDM,"""Toshkentdonmahsulotlari"" aksiyadorlik jamiyati","TKDM, TKDMP",ordinary,active,29566481730,ok,,PE: loss_making; ,True,,loss_making,-2.4361117509949737,"-2,44× | убыток",2025A + 6М2026 − 6М2025,-12136751000,0.347029276382742,ok,,"0,35× | 2026Q2",2026Q2,85198811000
TKDMP,Toshkentdonmahsulotlari,"TKDM, TKDMP",preferred,active,29566481730,ok,,PE: loss_making; ,True,,loss_making,-2.4361117509949737,"-2,44× | убыток",2025A + 6М2026 − 6М2025,-12136751000,0.347029276382742,ok,,"0,35× | 2026Q2",2026Q2,85198811000
TMYS,"Акционерное общество ""TEMIRYO'L-SUG'URTA""",TMYS,ordinary,active,127864700000,ok,,,True,5.02983600175043,ok,,"5,03× | 2025A + 6М2026 − 6М2025",2025A + 6М2026 − 6М2025,25421246330,0.9891943128137782,ok,,"0,99× | 2026Q2",2026Q2,129261458890
TNBN,"""Turonbank"" aksiyadorlik tijorat banki","TNBN, TNBNP",ordinary,active,2249912161991.46,ok,,,True,69.59655781138368,ok,,"69,6× | 2025A + 6М2026 − 6М2025",2025A + 6М2026 − 6М2025,32327923000,1.0642163958001118,ok,,"1,06× | 2026Q2",2026Q2,2114149125000
TNBNP,"""Turonbank"" aksiyadorlik tijorat banki","TNBN, TNBNP",preferred,active,2249912161991.46,ok,,,True,69.59655781138368,ok,,"69,6× | 2025A + 6М2026 − 6М2025",2025A + 6М2026 − 6М2025,32327923000,1.0642163958001118,ok,,"1,06× | 2026Q2",2026Q2,2114149125000
TRSB,"""Trastbank"" xususiy aksiyadorlik banki","TRSB, TRSBP",ordinary,active,18207430146000,ok,,,True,18.83562672007523,ok,,"18,84× | 2025A + 6М2026 − 6М2025",2025A + 6М2026 − 6М2025,966648491000,4.574981079538166,ok,,"4,57× | 2026Q2",2026Q2,3979782611000
TRSBP,Trastbank,"TRSB, TRSBP",preferred,active,18207430146000,ok,,,True,18.83562672007523,ok,,"18,84× | 2025A + 6М2026 − 6М2025",2025A + 6М2026 − 6М2025,966648491000,4.574981079538166,ok,,"4,57× | 2026Q2",2026Q2,3979782611000
UNVB,"Aksiyadorlik-tijorat banki ""Universal bank""",UNVB,ordinary,active,1500000000000,ok,,,True,6.391481950991855,ok,,"6,39× | 2025A + 6М2026 − 6М2025",2025A + 6М2026 − 6М2025,234687356000,1.6752282912607435,ok,,"1,68× | 2026Q2",2026Q2,895400351000
UPOS,"""O'zbekiston pochtasi"" aksiyadorlik jamiyati","UPOS, UPOSP",ordinary,active,534620725140,ok,,PE: out_of_range; ,True,353.67963737665355,out_of_range,,н/зн,2025A + 6М2026 − 6М2025,1511596000,2.342943234500489,ok,,"2,34× | 2026Q2",2026Q2,228183388000
UPOSP,O'zbekiston pochtasi,"UPOS, UPOSP",preferred,active,534620725140,ok,,PE: out_of_range; ,True,353.67963737665355,out_of_range,,н/зн,2025A + 6М2026 − 6М2025,1511596000,2.342943234500489,ok,,"2,34× | 2026Q2",2026Q2,228183388000
UQEQ,"""O'zqishloqelektrqurilish"" aksiyadorlik jamiyati",UQEQ,ordinary,active,158912926900,ok,,,True,2.643981865658201,ok,,"2,64× | 2025A + 6М2026 − 6М2025",2025A + 6М2026 − 6М2025,60103637231.43,1.2533344593234366,ok,,"1,25× | 2026Q2",2026Q2,126792115000
URTS,"""O'zRTXB"" AJ",URTS,ordinary,active,4118965179000,ok,,,True,10.892266929657241,ok,,"10,89× | 2025A + 6М2026 − 6М2025",2025A + 6М2026 − 6М2025,378154998000,7.694609991472585,ok,,"7,69× | 2026Q2",2026Q2,535305257000
UTGA,"""O'ztransgaz"" aksiyadorlik jamiyati","UTGA, UTGAP",ordinary,active,358722178962748.75,ok,,PB: out_of_range; ,True,33.98191824878822,ok,,"33,98× | 3М2025 · оценка",3М2025,10556266316000,40.60471384544257,out_of_range,,н/зн,2025Q1,8834495924000
UTGAP,O'ztransgaz,"UTGA, UTGAP",preferred,active,358722178962748.75,ok,,PB: out_of_range; ,True,33.98191824878822,ok,,"33,98× | 3М2025 · оценка",3М2025,10556266316000,40.60471384544257,out_of_range,,н/зн,2025Q1,8834495924000
UTHK,“O’z-Tong Hong Kompani” O’zbekiston-Koreya qo’shma korxonasi aksiyadorlik jamiyati,UTHK,ordinary,inactive,,incomplete,,UTHK: verified class price is unavailable,True,,no_market_cap,,неполная капитализация эмитента,,102122367140,,no_market_cap,,неполная капитализация эмитента,,181583669790
UTYK,"""O'ZTEMIRYOLKONTEYNER"" aksiyadorlik jamiyati",UTYK,ordinary,active,1349874671000,ok,,,True,12.486622773315137,ok,,"12,49× | 2025A + 6М2026 − 6М2025",2025A + 6М2026 − 6М2025,108105666000,5.5506706667443995,ok,,"5,55× | 2026Q2",2026Q2,243191274000
UVGT,"""O'zvagonta'mir"" aksiyadorlik jamiyati",UVGT,ordinary,active,270108657000,ok,,PB: out_of_range; ,True,153.70578722323154,ok,,"153,71× | 2025A + 6М2026 − 6М2025",2025A + 6М2026 − 6М2025,1757309610,44.55354963792535,out_of_range,,н/зн,2026Q2,6062562000
UZAL,"""O'zagrolizing"" aksiyadorlik jamiyati","UZAL, UZALP",ordinary,active,1804760017050.76,ok,UZALP,Excluded inactive preferred: UZALP,True,52.73409465478758,ok,,"52,73× | 2025A + 6М2026 − 6М2025",2025A + 6М2026 − 6М2025,34223779300,1.615933714927158,ok,,"1,62× | 2026Q2",2026Q2,1116852752300
UZALP,"""O'zagrolizing"" aksiyadorlik jamiyati","UZAL, UZALP",preferred,inactive,1804760017050.76,ok,UZALP,Excluded inactive preferred: UZALP,True,52.73409465478758,ok,,"52,73× | 2025A + 6М2026 − 6М2025",2025A + 6М2026 − 6М2025,34223779300,1.615933714927158,ok,,"1,62× | 2026Q2",2026Q2,1116852752300
UZAS,"""O'zagrosug'urta"" aksiyadorlik jamiyati","UZAS, UZASP",ordinary,active,5909552772000,ok,,PB: out_of_range; ,True,250.65381897511486,ok,,"250,65× | 2025A + 6М2026 − 6М2025",2025A + 6М2026 − 6М2025,23576551900,40.020829174142285,out_of_range,,н/зн,2026Q2,147661927400
UZASP,"""O'zagrosug'urta"" aksiyadorlik jamiyati","UZAS, UZASP",preferred,active,5909552772000,ok,,PB: out_of_range; ,True,250.65381897511486,ok,,"250,65× | 2025A + 6М2026 − 6М2025",2025A + 6М2026 − 6М2025,23576551900,40.020829174142285,out_of_range,,н/зн,2026Q2,147661927400
UZGF,"""O'zbekgeofizika"" aksiyadorlik jamiyati","UZGF, UZGFP",ordinary,inactive,,incomplete,,UZGF: verified class price is unavailable,True,,no_market_cap,,неполная капитализация эмитента,,-65068550000,,no_market_cap,,неполная капитализация эмитента,,1035485032000
UZGFP,"""O'zbekgeofizika"" aksiyadorlik jamiyati","UZGF, UZGFP",preferred,active,,incomplete,,UZGF: verified class price is unavailable,True,,no_market_cap,,неполная капитализация эмитента,,-65068550000,,no_market_cap,,неполная капитализация эмитента,,1035485032000
UZHM,"""O'zbekkimyomash zavodi"" Aksiyadorlik jamiyati",UZHM,ordinary,active,140189400000,ok,,PE: loss_making; ,True,,loss_making,-23.246270407730947,"-23,25× | убыток",2025A + 6М2026 − 6М2025,-6030619000,2.5958929054326556,ok,,"2,6× | 2026Q2",2026Q2,54004308000
UZIN,"""O'zbekinvest"" eksport-import sug'urta kompanyasi"" Aksiyadorlik jamiyati","UZIN, UZINP",ordinary,inactive,,incomplete,,UZIN: verified class price is unavailable,True,,no_market_cap,,неполная капитализация эмитента,,57542907000,,no_market_cap,,неполная капитализация эмитента,,894278162000
UZINP,"""O'zbekinvest"" eksport-import sug'urta kompanyasi"" Aksiyadorlik jamiyati","UZIN, UZINP",preferred,active,,incomplete,,UZIN: verified class price is unavailable,True,,no_market_cap,,неполная капитализация эмитента,,57542907000,,no_market_cap,,неполная капитализация эмитента,,894278162000
UZIR,"""O'zbekko'mir"" aksiyadorlik jamiyati","UZIR, UZIRP",ordinary,active,2125336161540,ok,,PE: out_of_range; ,True,2823.912914388517,out_of_range,,н/зн,2025A + 6М2026 − 6М2025,752621000,2.0998284948982238,ok,,"2,1× | 2026Q2",2026Q2,1012147500000
UZIRP,O'zbekko'mir,"UZIR, UZIRP",preferred,active,2125336161540,ok,,PE: out_of_range; ,True,2823.912914388517,out_of_range,,н/зн,2025A + 6М2026 − 6М2025,752621000,2.0998284948982238,ok,,"2,1× | 2026Q2",2026Q2,1012147500000
UZMK,O'zmetkombinat AJ,"UZMK, UZMKP",ordinary,active,4715384552928,ok,,,True,8.146672050290283,ok,,"8,15× | 2025A + 6М2026 − 6М2025",2025A + 6М2026 − 6М2025,578811142000,0.7395959229169381,ok,,"0,74× | 2026Q2",2026Q2,6375622697230
UZMKP,O'zmetkombinat AJ,"UZMK, UZMKP",preferred,active,4715384552928,ok,,,True,8.146672050290283,ok,,"8,15× | 2025A + 6М2026 − 6М2025",2025A + 6М2026 − 6М2025,578811142000,0.7395959229169381,ok,,"0,74× | 2026Q2",2026Q2,6375622697230
UZML,"""UzMED-lizing"" aksiyadorlik jamiyati lizing kompaniyasi",UZML,ordinary,active,25920000000,ok,,"PE: unverified; чистая прибыль больше выручки в 1,5 раза",True,,unverified,-57.203768563086356,"-57,2× | проверяется",2025A + 6М2026 − 6М2025,-453117000,19.848868479337522,ok,,"19,85× | 2026Q2",2026Q2,1305867890
UZMT,"""UzAuto Motors"" aksiyadorlik jamiyati",UZMT,ordinary,active,14622373962000,ok,,,True,4.13044850348327,ok,,"4,13× | 9М2025 · оценка",9М2025,3540141936080,0.9851542549038176,ok,,"0,99× | 2025Q3",2025Q3,14842725278010
UZNF,O'zbekiston Respublikasi Milliy Investitsiya jamg'armasi aksiyadorlik jamiyati,UZNF,ordinary,active,34419527836974.867,ok,,,True,24.530184112158263,ok,,"24,53× | 2025A",2025A,1403150000000,1.1526374389804512,ok,,"1,15× | 2025A",2025A,29861539000000
UZNG,"""O'zbekneftgaz"" Aksiyadorlik jamiyati",UZNG,ordinary,inactive,,incomplete,,UZNG: verified class price is unavailable,True,,no_market_cap,,неполная капитализация эмитента,,,,no_market_cap,,неполная капитализация эмитента,,46762646187000
UZNGP,O'zbekneftgaz,UZNGP,ordinary,active,115957659935,ok,,PE: no_financials;  | PB: out_of_range; ,True,,no_financials,,—,,,0.0024797069753344325,out_of_range,,н/зн,2024,46762646187000
UZPN,<O'zpartamponaj> aksiyadorlik jamiyati,UZPN,ordinary,active,6428809296,ok,,,True,3.3655850454490484,ok,,"3,37× | 2025A",2025A,1910161000,0.20530639018728336,ok,,"0,21× | 2025A",2025A,31313245000
UZTL,"""O'zbektelekom"" aksiyadorlik kompaniyasi","UZTL, UZTLP",ordinary,active,15435875047913.64,ok,,,True,10.45153922939319,ok,,"10,45× | 2025A + 6М2026 − 6М2025",2025A + 6М2026 − 6М2025,1476899690000,4.702248641671066,ok,,"4,7× | 2026Q2",2026Q2,3282658197000
UZTLP,"""O'zbektelekom"" aksiyadorlik kompaniyasi","UZTL, UZTLP",preferred,active,15435875047913.64,ok,,,True,10.45153922939319,ok,,"10,45× | 2025A + 6М2026 − 6М2025",2025A + 6М2026 − 6М2025,1476899690000,4.702248641671066,ok,,"4,7× | 2026Q2",2026Q2,3282658197000
YGSY,"""Yuggazstroy"" aksiyadorlik jamiyati",YGSY,ordinary,active,10793734963.2,ok,,PE: loss_making; ,True,,loss_making,-13.476922934929862,"-13,48× | убыток",2024A + 6М2025 − 6М2024,-800905000,0.7617351815756902,ok,,"0,76× | 2025Q2",2025Q2,14169931000
YRFS,"""Yo'lreftrans"" aksiyadorlik jamiyati",YRFS,ordinary,active,91926697800,ok,,,True,9.048567719637681,ok,,"9,05× | 2025A + 6М2026 − 6М2025",2025A + 6М2026 − 6М2025,10159254000,4.920644480380708,ok,,"4,92× | 2026Q2",2026Q2,18681841000
